{"CH4": {"bt_67": 1710.1212445964782, "bt_83": 298.5038746253989}, "SF6": {"bt_67": 0.11531737433214807, "bt_83": 0.07336299224244464}, "CO2": {"bt_67": 50.332590261550344, "bt_83": 41.83313061245314}, "N2O": {"bt_67": 0.6846578189211332, "bt_83": 0.38016901865784447}}